Apple,Pear,Plum,Banana,Size
4.547427,11.37705,23.66886,"cherry",small
4.843488,13.42297,29.50476,"peach",medium
5.043246,74.02836,152.34420,"kiwi",medium
3.959037,17.31029,34.05941,"mango",medium
5.045655,72.05318,NA,"blueberry",small
4.550143,12.18468,23.74571,"strawberry",small
4.751325,97.80162,198.79055,"blackberry",small
.,68.73602,142.17567,"raspberry",small
5.671688,4.40007,14.06425,"papaya",large
4.043102,69.65479,143.21351,"orange",medium
